timestamp,tweet_text
,"Obsessive booklover, compulsive bookbuyer.
All things books... I'm sure you get the drift. ü§ì",
2019-11-11 14:15:58,@AUThackeray Yeah right!
2019-11-10 12:42:08,1 of 5 stars to The Girl in the Tree by ≈ûebnem ƒ∞≈üig√ºzel https://t.co/iXmCTRrh2x
2019-11-09 16:03:42,3 of 5 stars to The Last Templar by Raymond Khoury https://t.co/8wB0pqowwx
2019-11-06 16:39:00,RT @ShrutiRamanujam: wanting to                 wanting to buy all the     vs     finish my unread     books                    books first‚Ä¶
2019-11-02 08:53:42,@dmgbnagar Why can't the schools be closed for children who are the most vulnerable to health ailments?
2019-09-08 10:51:30,"RT @ANI: Indian Space Research Organisation (ISRO) Chief, K Sivan to ANI:We've found the location of #VikramLander on lunar surface&amp;orbiter‚Ä¶"
2019-08-24 07:51:49,@narendramodi His passing away is an irreparable loss to the nation. May the departed soul rest in peace. You'll be‚Ä¶ https://t.co/eMyDkTSxhA
2019-08-24 07:26:00,Another bright light extinguished. Rest in peace @arunjaitley sir. The condolences of the nation are with the family.
2019-08-24 06:00:05,RT @chetan_bhagat: Be so busy improving yourself that you have no time to criticize others.
2019-08-23 08:26:56,"RT @HarperCollinsIN: ‚ÄúThere are people who are extremely bright &amp; intelligent, but some part in their existence is missing, and their chara‚Ä¶"
2019-08-23 08:09:28,Bolsonaro proves yet again that military men make pathetic sovereigns for their nation.  #AmazonRainforest #savetheamazon
2019-08-23 08:07:06,"RT @AlecMacGillis: ""Bolsonaro, who has jokingly nicknamed himself 'Captain Chainsaw,' favors loosening environmental protections to spur ec‚Ä¶"
2019-08-23 08:05:25,"RT @TheEconomist: The Amazon is reaching a dangerous tipping-point. Beyond this, the rainforest is unlikely to survive https://t.co/gMX1kWQ‚Ä¶"
2019-08-23 08:04:36,"https://t.co/ZVcVFJyOpl  A global resource should not be exploited. With the 'lungs' gone, does this idiot propose‚Ä¶ https://t.co/i2A70Vgihb"
2019-08-17 13:54:51,4 of 5 stars to Cursed by Karol Ruth Silverstein https://t.co/FX5bSvtJvi
2019-08-16 18:44:16,5 of 5 stars to Cursed by Karol Ruth Silverstein https://t.co/Rs5lPkd5ZL
2019-08-16 18:43:43,I just reviewed Cursed by Karol Ruth Silverstein. #Cursed #NetGalley https://t.co/a6puoumiMR
2019-08-11 03:58:04,1 of 5 stars to In the Heat of the Light by Stephen Kearse https://t.co/qYkqUIdWsN
2019-08-10 05:34:53,"11% done with Felicity Carrol and the Murderous Menace, by Patricia Marcantonio https://t.co/ESIaU5BVeF"
2019-07-24 09:05:39,"@noidatraffic it's a daily affair that students of Amity University Noida park their cars wherever they want, leadi‚Ä¶ https://t.co/Ln7yvFBQzg"
2019-06-23 10:59:53,"RT @thebooksatchel: GIVEAWAY (International) Win a copy of An American Marriage by Tayari Jones, an achingly beautiful story on relationshi‚Ä¶"
2019-06-23 04:15:10,I'm #reading In the Heat of the Light by Stephen Kearse https://t.co/qYkqUIdWsN
2019-06-23 04:14:37,I just reviewed In the Heat of the Light by Stephen Kearse. #InTheHeatOfTheLight #NetGalley https://t.co/NukN8LUdpI
2019-06-14 19:42:29,"3 of 5 stars to New York, Actually by Sarah Morgan https://t.co/ofr7i6n5iR"
2019-06-13 15:55:20,4 of 5 stars to The Cruel Prince by Holly Black https://t.co/CK9YuWOPVF
2019-06-10 16:25:50,"35% done with The Cruel Prince, by Holly Black https://t.co/ziS0wVs6Zc"
2019-06-09 20:31:30,4 of 5 stars to Finale by Stephanie Garber https://t.co/vkzBwLeSUZ
2019-06-09 14:57:38,@neetipalta Ohooo... Savage!! üòÇ‚ù§Ô∏è
2019-06-09 12:32:06,"70% done with Finale, by Stephanie Garber https://t.co/jumdVWLsQk"
2019-06-08 12:45:39,"On page 250 of 496 of Finale, by Stephanie Garber https://t.co/x3mxwP77Ad"
2019-06-07 19:36:15,"On page 25 of 496 of Finale, by Stephanie Garber https://t.co/HeM510Nzx3"
2019-06-07 15:39:18,4 of 5 stars to Between You and Me by Atul Khanna https://t.co/hV9wP1H9l5
2019-06-06 12:15:21,"Marked as to-read: Blind Willow, Sleeping Woman by Haruki Murakami https://t.co/ZgLb57op9T"
2019-06-05 13:17:07,5 of 5 stars to Legendary by Stephanie Garber https://t.co/kGpNFMoFbh
2019-06-05 11:55:19,"On page 300 of 451 of Legendary, by Stephanie Garber https://t.co/yGkPMs0f82"
2019-06-05 08:05:12,"On page 100 of 451 of Legendary, by Stephanie Garber https://t.co/rUYbk0GdE0"
2019-06-05 05:30:32,"On page 15 of 451 of Legendary, by Stephanie Garber: Something tells me I'm going to fin... https://t.co/qbw4avkTyw"
2019-06-02 13:53:14,5 of 5 stars to Victoria and Abdul by Shrabani Basu https://t.co/HMygelRglV
2019-05-31 16:03:58,Haha https://t.co/Tf501j4Bn9
2019-05-30 18:55:13,RT @AdityaRajKaul: Huge. Pratap Chandra Sarangi takes oath as Minister of State in the Govt led by PM @narendramodi at Rashtrapati Bhawan.‚Ä¶
2019-05-30 18:37:35,RT @Atheist_Krishna: Modi supporters were like.......  #ModiSwearingIn https://t.co/wb1FBAr8kJ
2019-05-30 18:29:33,"@vinayak_jain @Malala Wow! That comes from a peace laureate?! You may have said it in good humour, but sounds petty, Malala."
2019-05-30 05:08:20,A dose of history for today.  There is so much storytelling in these nonfiction books. It's disappointing that I ne‚Ä¶ https://t.co/SHnCio5CIG
2019-05-29 14:03:56,4 of 5 stars to Girls with Sharp Sticks by Suzanne Young https://t.co/aTH0BFTB14
2019-05-29 10:16:20,RT @farbodsaraf: Perhaps the most beautiful bike path in the world üáßüá™ https://t.co/mTTZCf93a3
2019-05-29 10:12:36,@arunjaitley Wish you a speedy recovery and healthier times ahead sir!
2019-05-26 04:38:36,4 of 5 stars to Evermore by Sara Holland https://t.co/6GOSMFUZUL
2019-05-25 16:16:55,Pressed the reset button.   To new beginnings. Humble as they may be.  #restart #bookstagram #bookish #bookishgirl‚Ä¶ https://t.co/nwx9xT1aD5
2019-05-25 08:32:22,4 of 5 stars to Great Expectations by Charles Dickens https://t.co/AXY8zfLmBi
2019-01-02 05:45:55,4 of 5 stars to Everless by Sara Holland https://t.co/Yb95MvV5ne
2019-01-01 09:10:29,5 of 5 stars to The Night Circus by Erin Morgenstern https://t.co/LHVMmM9ekS
2018-11-11 15:28:38,Took more than 2 hours from Sonepat to Murthal. The traffic refused to budge. And we are charged toll for a road th‚Ä¶ https://t.co/kaDVb2kfTD
2018-10-16 15:03:07,Marked as to-read: Victoria and Abdul by Shrabani Basu https://t.co/HMygelRglV
2018-08-11 18:44:49,"On page 170 of 535 of Whisper to Me, by Nick Lake https://t.co/qzlbR9Gvfq"
2018-08-11 05:12:21,"On page 50 of 535 of Whisper to Me, by Nick Lake https://t.co/og5EtDQDsp"
2018-08-09 13:44:15,Marked as to-read: Whisper to Me by Nick Lake https://t.co/IFaEbj15VT
2018-08-09 10:03:52,"On page 100 of 608 of Oliver Twist, by Charles Dickens https://t.co/mOQgWMcjHO"
2018-08-05 07:37:01,"On page 40 of 608 of Oliver Twist, by Charles Dickens https://t.co/FctmwNTiTe"
2018-07-30 13:29:58,5 of 5 stars to The Book Thief by Markus Zusak https://t.co/nqnrfgSbjp
2018-07-27 15:11:07,"On page 410 of 552 of The Book Thief, by Markus Zusak https://t.co/yPn2GxaYJo"
2018-07-25 12:19:02,"On page 300 of 552 of The Book Thief, by Markus Zusak https://t.co/TkPWt9paaG"
2018-07-22 14:05:34,"On page 210 of 552 of The Book Thief, by Markus Zusak https://t.co/HPj2dsrYty"
2018-07-22 09:00:58,"On page 100 of 552 of The Book Thief, by Markus Zusak https://t.co/YRfStt9wOs"
2018-07-22 07:17:41,Marked as to-read: A Court of Frost and Starlight by Sarah J. Maas https://t.co/dLY2mXKd5W
2018-07-22 05:24:02,I read Godsgrave by Jay Kristoff https://t.co/txs9m8B8UZ
2017-11-21 11:59:51,2 of 5 stars to Second Chance by Sandeep Jatwa https://t.co/oAQZjEZlY7
2017-11-14 18:25:29,4 of 5 stars to One Dark Throne by Kendare Blake https://t.co/cctbSMf9QT
2017-11-09 17:46:48,5 of 5 stars to One Dark Throne by Kendare Blake https://t.co/cctbSMf9QT
2017-11-05 09:36:35,4 of 5 stars to An Enchantment of Ravens by Margaret Rogerson https://t.co/XrGct31oyk
2017-10-26 06:08:28,4 of 5 stars to Somebody Else's Sky by Jessica Hawkins https://t.co/yv7XBFnCYD
2017-10-25 10:32:18,4 of 5 stars to Something in the Way by Jessica Hawkins https://t.co/hR5qrU06BI
2017-09-17 13:36:35,4 of 5 stars to The Lady of the Rivers by Philippa Gregory https://t.co/kFobC8HwzB
2017-09-16 15:24:55,"On page 260 of 502 of The Lady of the Rivers, by Philippa Gregory https://t.co/XmsiiOeZxG"
2017-09-14 15:02:27,4 of 5 stars to The Blue Notebook by James A. Levine https://t.co/CUqZoNE6qc
2017-07-22 02:47:33,"RT @thebooksatchel: GIVEAWAY (India only) Follow, like +RT to win a copy of the book by  Meenakshi Reddy Madhavan from @HarperCollinsIN. En‚Ä¶"
2017-07-16 15:36:49,RT @bbcdoctorwho: Meet the Thirteenth Doctor #DoctorWho #Doctor13 https://t.co/txHGz9tJEe
2017-07-13 11:32:19,"RT @lboroenglish: Word of the day: TSUNDOKU (Japanese), meaning ‚Äòbuying a load of books and then not getting round to reading them‚Äô. Also k‚Ä¶"
2017-07-12 11:22:34,RT @thebooksatchel: Thread-  How to approach a blogger for a book review? (Not aimed at anyone personally. This is only a general guideline‚Ä¶
2017-07-08 15:23:43,"RT @hirishitalkies: Someone using the alias TWITTER CRITTER did half an interview for my book, but now I can't reach them. Please RT so the‚Ä¶"
2017-07-03 15:25:12,"@theGwiththeB Exactly! Crying over ""friends"" who dn't deserve u, doing nothin urslf when u witnessed a crime and th‚Ä¶ https://t.co/2FU0MPLLsH"
2017-07-03 15:19:36,@theGwiththeB Ditto. I voted the same. What Bryce did was inhumane but I kept on waiting for her to fight back. Be‚Ä¶ https://t.co/zNTZn90tFP
2017-07-03 15:14:54,@theGwiththeB I might end up as the minority with this vote; I didn't like the way Hannah handled things.
2017-06-22 16:03:54,4 of 5 stars to One Part Woman by Perumal Murugan https://t.co/U6q72Cz6Jh
2017-06-19 08:00:08,Marked as to-read: Godsgrave by Jay Kristoff https://t.co/txs9m8B8UZ
2017-06-18 18:13:45,3 of 5 stars to The Shadow Queen by C.J. Redwine https://t.co/ZGIuZ6gUqR
2017-06-18 14:36:48,Marked as to-read: Untitled by Renee Ahdieh https://t.co/NN2FNRbAyv
2017-06-18 08:33:06,"On page 174 of 387 of The Shadow Queen, by C.J. Redwine: is it just me or this book has ... https://t.co/tPncDsf7wJ"
2017-06-16 17:49:25,Marked as to-read: The Wish Granter by C.J. Redwine https://t.co/d3oAOrsYes
2017-06-16 17:08:39,I've read 50 of 85 books for the Goodreads 2017 Reading Challenge! What should I read next?https://t.co/yACu4bg0us via @goodreads
2017-06-16 17:01:27,4 of 5 stars to Flame in the Mist by Renee Ahdieh https://t.co/GMbB7X5iMU
2017-06-16 14:26:08,Marked as to-read: Royal Bastards by Andrew Shvarts https://t.co/19C40zXpEg
2017-06-15 15:31:10,3 of 5 stars to Lies Jane Austen Told Me by Julie Wright https://t.co/1gq6z4fvVx
2017-06-15 14:27:19,3 of 5 stars to Lies Jane Austen Told Me by Julie Rowse https://t.co/i9XArL4nKx
2017-06-15 09:29:10,Marked as to-read: The Beauty of Darkness by Mary E. Pearson https://t.co/Aj3o8brfX4
2017-06-13 04:01:24,Marked as to-read: Oh My Goddess by Rohan Govenkar https://t.co/PIwyq7xARd
2017-06-03 15:42:19,5 of 5 stars to Before I Fall by Lauren Oliver https://t.co/wlBMSXzabJ
2017-06-03 06:48:47,4 of 5 stars to Before I Go to Sleep by S.J. Watson https://t.co/Cit3bHCSOn
2017-06-02 04:10:26,RT @theGwiththeB: Please participate on my Int'l Giveaway with @PenguinUKBooks for 3 copies of The One by @johnmarrs1 on IG. Please RT. htt‚Ä¶
2017-06-01 11:25:04,3 of 5 stars to Rafflesia by Gautam https://t.co/moyyOrmIF5
2017-05-25 05:18:17,5 of 5 stars to A Court of Wings and Ruin by Sarah J. Maas https://t.co/YbdXftnFi5
2017-05-20 06:15:40,RT @thebooksatchel: GIVEAWAY Follow+Like +RT 3 winners will win FOUR books each by #ruskinbond from @AlephBookCo India only.Ends-23rd May.M‚Ä¶
2017-05-15 16:42:57,5 of 5 stars to A Court of Mist and Fury by Sarah J. Maas https://t.co/uKPtNX5xkm
2017-05-13 13:47:29,5 of 5 stars to A Court of Thorns and Roses by Sarah J. Maas https://t.co/kVmyl2uNU3
2017-05-10 08:21:05,Marked as to-read: Strange the Dreamer by Laini Taylor https://t.co/20AfQbPcIt
2017-05-10 06:27:58,"RT @PaperFury: ""I should read less books and instead join in with reality to make my life happier and more fulfilled!"" said no bookworm eve‚Ä¶"
2017-05-10 06:20:23,5 of 5 stars to A Court of Thorns and Roses by Sarah J. Maas https://t.co/MijYBjgY1I
2017-05-10 05:25:06,5 of 5 stars to A Court of Thorns and Roses by Sarah J. Maas https://t.co/kVmyl2uNU3
2017-05-08 17:45:44,4 of 5 stars to The Private Life of Mrs. Sharma by Ratika Kapur https://t.co/V8y1ZVwWCB
2017-05-08 13:48:58,RT @thebooksatchel: GIVEAWAY - Win three copies of Baaz by Anuja Chauhan from @HarperCollinsIN . Follow+Like+RT. Ends on 12th May. India on‚Ä¶
2017-05-06 17:52:47,"On page 150 of 400 of A Darker Shade of Magic, by V.E. Schwab https://t.co/NfQri5BzM1"
2017-05-06 15:09:08,3 of 5 stars to Tarantula Tide by Sharon Tregenza https://t.co/yis5uhWVLR
2017-05-06 09:18:01,Marked as to-read: Before I Go to Sleep by S.J. Watson https://t.co/Cit3bHCSOn
2017-05-04 02:53:41,4 of 5 stars to Hunted by Meagan Spooner https://t.co/zy2Cf6KrDX
2017-04-30 11:30:04,5 of 5 stars to The Hate U Give by Angie Thomas https://t.co/JuDzbGEXeG
2017-04-30 09:46:10,5 of 5 stars to Before I Fall by Lauren Oliver https://t.co/Oc49qd8qy4
2017-04-26 11:39:44,@theGwiththeB Hear Hear! üòä
2017-04-24 17:22:40,@mmereadsalot Gaah!! And I thought it's only my stories that were getting screwed up!
2017-04-24 17:20:55,"On page 300 of 464 of The Hate U Give, by Angie Thomas: I had promised myself that I'll ... https://t.co/ANO8ihssoE"
2017-04-24 12:21:31,"After watching #13ReasonsWhy, was forced to think of 13 reasons y I watched it in the first place. Didn't like d bo‚Ä¶ https://t.co/ay0r9GoWiJ"
2017-04-24 12:09:27,"Cummon humans, atleast do something. As if the art of reading was not dying already. https://t.co/ewRz5QwpRR"
2017-04-24 12:07:43,"RT @surekhapillai: delhi, head to pragati maidan hall no. 18 for the stunning ajeevika mela, handicrafts made by women SHGs across states o‚Ä¶"
2017-04-24 04:47:31,"RT @whatalovelybook: Me: I'm just going to read a few chapters, just dip my toe into this book *300 pages and four hours later* Me: wtf hap‚Ä¶"
2017-04-23 17:23:26,"@ChicNerdReads Ahh, it's next on my TBR. I'm loving THUG so far. The book is worthy of all it's praise. Have you read it?"
2017-04-23 17:19:46,@ChicNerdReads I'm reading The Hate U Give. What about you?
2017-04-23 15:42:13,"""Everytime a sneaker is cleaned improperly, a kitten dies."" I hear you, Angie Thomas #thehateugive #slay #wisewords"
2017-04-23 13:39:35,"RT @jk_rowling: 'To thine own self be true, and it must follow, as the night the day, thou canst not then be false to any man.'  #Shakespea‚Ä¶"
2017-04-23 13:34:22,Marked as to-read: The Fire by Night by Teresa Messineo https://t.co/SLBI1FfLql
2017-04-23 12:33:10,4 of 5 stars to Siege and Storm by Leigh Bardugo https://t.co/yBX29PWFCy
2017-04-23 11:21:55,@theGwiththeB Happy World Book Day btw üòÅ https://t.co/qlkhsNDDiK
2017-04-23 11:17:27,@theGwiththeB More like sad to see what's happening to the world. Dinosaurs were lucky.
2017-04-23 10:56:21,@theGwiththeB Prolly in talks wd religious fanatic pol parties. He needs to earn his breadnbutter afterall. He migh‚Ä¶ https://t.co/eugSld7TkT
2017-04-23 10:30:55,@theGwiththeB These are sad times we are living in. Hate to think of what the world would be reduced to when our kids grow older.
2017-04-22 11:57:22,RT @PenguinIndia: *buries face in a book to smell it* https://t.co/qiq0XUdoqz
2017-04-22 11:40:17,Thank you @bookchor for such a lovely gesture! Love you guys so much! #book #gift https://t.co/D12VGtsJCI
2017-04-19 08:30:30,Marked as to-read: The Language of Thorns by Leigh Bardugo https://t.co/cD0nnBaHJe
2017-04-18 17:49:35,"""Fine, make me your villain."" The most excruciating powerful words penned by human hand. #thedarkling #wordporn #grishatrilogy #leighbardugo"
2017-04-18 05:08:53,Marked as to-read: Flame in the Mist by Renee Ahdieh https://t.co/GMbB7X5iMU
2017-04-16 15:39:44,Started reading Crown of Lies by @PepperWinters and I'm already 100 pages into it. #reading #crownoflies #bookworm #alwaysreading
2017-04-16 12:02:28,"Guys, please take a breather... It's SNAPCHAT that you need to troll(if at all). Not SNAPDEAL üòÇü§ìüòÄüôÑ #boycottsnapchat https://t.co/cfF7gyNSjX"
2017-04-16 09:18:44,Marked as to-read: Sleeping on Jupiter by Anuradha Roy https://t.co/LGDyyeJltZ
2017-04-14 08:30:36,Binge watching Yuri On Ice!!! I fucking love it so much! Victooooooorrrrr üíì #yurionice
2017-04-09 12:53:04,Amazing #giveaway by @theLOCOSTREET. Go visit their instahandle to check out the details. https://t.co/rWQzmtpVfd
2017-04-07 19:06:40,Marked as to-read: Basil Blossoms and other short stories by Shantaram https://t.co/h3NaaLlyj7
2017-04-07 14:44:32,Preordered #acowar on @amazonIN but still haven't received the email confirmation. And I have no nails left on my fingers. üòí whr's d email??
2017-04-01 15:07:55,RT @mkaylagray: RT for a chance to win a hardback copy of #StrangeTheDreamer by @lainitaylor. Open INTL. Closes 8 April. #giveaway https://‚Ä¶
2017-04-01 12:38:58,I've read 31 of 85 books for the Goodreads 2017 Reading Challenge! What should I read next? https://t.co/yACu4bxBT2 via @goodreads
2017-03-30 12:39:38,Marked as to-read: Poison Study by Maria V. Snyder https://t.co/dfNUL24Y1w
2017-03-29 15:16:46,"RT @thebooksatchel: #GIVEAWAY. Win one of these 5 books from @BloomsburyIndia.Follow, Like +RT.Last date April 1st. India only. IG for extr‚Ä¶"
2017-03-24 11:21:35,"15% done with Beastly, by Alex Flinn: hope this gets better. right now its kinda meh https://t.co/RTM11q39dq"
2017-03-20 16:57:38,"On page 200 of 352 of Cruel Beauty, by Rosamund Hodge https://t.co/zFPEtkehy1"
2017-03-19 17:01:16,#NewProfilePic https://t.co/X09CADCdRI
2017-03-19 16:57:17,"@margotwood Dark Matter! Btw, did you like Caraval?"
2017-03-18 17:40:53,"On page 50 of 310 of Double Standards, by Judith McNaught https://t.co/8uDbTTl03g"
2017-03-16 10:09:34,Marked as to-read: The Miniaturist by Jessie Burton https://t.co/s9BJSvyAX5
2017-03-16 05:23:58,Marked as to-read: Wintersong by S. Jae-Jones https://t.co/Rk4YbKYWCJ
2017-03-13 11:08:41,"On page 100 of 309 of Darkfever, by Karen Marie Moning https://t.co/Ege6brO5Dg"
2017-03-13 07:58:25,Marked as to-read: One Dark Throne by Kendare Blake https://t.co/cctbSMf9QT
2017-03-09 12:40:09,Marked as to-read: Lament by Maggie Stiefvater https://t.co/F1B8XOLQws
2017-03-04 19:02:44,RT @PaperFury: How To Read A #Book: ‚Ä¢ open it ‚Ä¢ read happily ‚Ä¢ have your feels SMASHED ‚Ä¢ realise author is a monster ‚Ä¢ read all their other‚Ä¶
2017-03-04 19:02:39,@booksnbeyondbox know how to package happiness and love in a box! üíì #subscriptionbox #booksubscriptionbox https://t.co/4vOEJ1Acxr
2017-03-03 13:23:30,RT @PaperFury: Me: I have a small amount of time I can read! Me: I shall need to choose a book! Me: [SPENDS 92 HOURS DECIDING] #bookwormpro‚Ä¶
2017-02-28 12:50:58,"On page 100 of 452 of Scarlet, by Marissa Meyer: Loving Thorne! https://t.co/dXkaIgY4i9"
2017-02-26 12:26:37,"On page 200 of 679 of The Beauty of Darkness, by Mary E. Pearson https://t.co/O8dR4mnUrt"
2017-02-26 10:28:00,"I'm #reading Dear Heart, I Hate You by J. Sterling https://t.co/bQlGmS9zoY"
2017-02-25 10:20:29,RT @PaperFury: Every time I read a #book off my TBR I think I'm actually getting on top of this!! But no. I just added 5 more as my common‚Ä¶
2017-02-24 14:51:32,Just finished #Diabolic. Pleasantly surprised by how much I liked this book!  #BrunchBookChallenge
2017-02-24 10:57:04,"70% done with The Diabolic, by S.J. Kincaid https://t.co/0hbdKtJzYW"
2017-02-23 13:40:54,"@MyBookJacket ahh, filter coffee üòç"
2017-02-22 14:45:52,RT @PaperFury: Human: You read too many books and ignore reality!! Me: [TAKES A PEEK AT REALITY] Me: yes but where is the problem here #boo‚Ä¶
2017-02-20 11:28:33,Book#12 and #13 were lukewarm romances #LosingIt and #MarriageBargain. Wouldn't recommend to anyone. #BrunchBookChallenge #goodreads
2017-02-20 11:25:20,I've read 13 of 85 books for the Goodreads 2017 Reading Challenge! What should I read next? https://t.co/yACu4bxBT2 via @goodreads
2017-02-18 16:34:38,Gaaahhh Kuroko No Basuke is the coolest funniest manga I've ever seen!!! #manga #kurokonobasket
2017-02-17 01:36:55,"40% done with Prince Charming, by Sara Celi https://t.co/E9XOfD04pL"
2017-02-14 13:37:15,RT @PaperFury: Online friends are the BEST because you can put them in your pocket and talk whenever you need and also turn them off. #Inte‚Ä¶
2017-02-13 12:04:04,4 of 5 stars to Confused Bastards by Manav Vigg https://t.co/JykwBA9MOq
2017-02-13 11:22:10,2 of 5 stars to My Father is a Hero by Nishant Kaushik https://t.co/hsYGjkoO0e
2017-02-12 03:41:38,Rereading Is Here! Let's Say It Again. Rereading Is Here! https://t.co/bZ0iX2u8U5 via @goodreads
2017-02-11 17:41:56,Drum roll..... #unboxing the @booksnbeyondbox February Box featuring #CarveTheMark by #veronicaroth üíï https://t.co/zSTJ4Jzo9Q
2017-02-11 17:08:17,"RT @PaperFury: What are we? ""BOOKWORMS!"" What do we want?! ""BOOKS!"" When will we read them?! [INDISTINCT MUMBLING ABOUT HUGE TBR PILES AND‚Ä¶"
2017-02-11 17:07:56,"RT @PaperFury: I have so many #books to read before I die it's just getting ridiculous??? New plan: never die, be immortal, catch up on TBR‚Ä¶"
2017-02-11 17:07:06,RT @PaperFury: #MyBiggestProblem is I read one #book = 5 more appear in its place. What is this?? Surely not my fault?? Surely dark wizardr‚Ä¶
2017-02-11 17:03:59,"Book 11 #TheForbiddenWish by #jessicakhoury If u believe in magic, read this book. If u don't believe in magic, read it to become a believer"
2017-02-09 17:41:43,Marked as to-read: Days of Blood &amp; Starlight by Laini Taylor https://t.co/sp561nop6d
2017-02-09 17:33:19,RT @PaperFury: The truest #bookworm tragedy is having A MILLION AND TWO BEAUTIFUL LOOKING BOOKS IN YOUR LIFE and exactly 0% time to read th‚Ä¶
2017-02-09 17:32:26,Book 10 #HeartofBetrayal of the Remnant Chronicles done!! This book slayed it. #BrunchBookChallenge @HTBrunch
2017-02-09 13:07:41,"On page 350 of 470 of The Heart of Betrayal, by Mary E. Pearson https://t.co/ryjXxZ2Kwo"
2017-02-03 18:04:48,Marked as to-read: The Hundred Lies of Lizzie Lovett by Chelsea Sedoti https://t.co/osSsz2oIea
2017-02-03 13:37:20,9 books read so far with only one month gone. Yayy!! Book#9 #Cinder by Marrisa Meyer. Great start to a great series #BrunchBookChallenge
2017-01-31 11:33:20,Just completd Book #6 Mafiaso by Catherine Doyle. A much-loved series on mob gangs and love and so much more! #BrunchBookChallenge @HTBrunch
2017-01-29 10:59:23,Book #5 finished and reviewed. #SomeoneToLove by Ruchita Misra. A love story for those who believe. #BrunchBookChallenge @HTBrunch
2017-01-26 18:05:48,3 of 5 stars to Someone to Love by Ruchita Misra https://t.co/j0e30u6l8j
2017-01-26 18:04:09,Review of Someone to Love up on my blog :) https://t.co/xVVA2mrOGn
2017-01-26 11:15:00,"RT @CrazyBookLover_: Whenever I'm stressed I go book browsing online, but that stresses me out even more bc I can't buy all 138583 books. #‚Ä¶"
2017-01-26 04:25:35,May we all soar high in freedom. Happy Republic Day! #RepublicDay #ProudIndian #SaluteTheTricolour
2017-01-26 04:23:04,"RT @pieraforde: Dear publishers, please don't bring out a million 'special editions' of ACOWAR. I can't afford the same book ten times agai‚Ä¶"
2017-01-25 17:23:33,"RT @lahirip: Even after watching 50 ""how to apply perfect eye liner videos"", I still manage to spray paint my eyes"
2017-01-25 09:26:27,RT @filipab0oks: FEYRE DARLING AHHHHHHHH! !!!!!! üò±üò≤üòçüò±üò≤üòç #ACOWAR https://t.co/sucN3tAzTp
2017-01-24 15:17:03,RT @bloomsburykids: Hey @SJMaas fans! We‚Äôre revealing the cover of A COURT OF WINGS AND RUIN tomorrow Jan 25! Follow BloomsburyYA on Snapch‚Ä¶
2017-01-23 14:16:22,Thank you @Writersmelon for another lovely book companion. Can't wait to get started üòª #SomeoneToLove @Ruchita_Misra https://t.co/hC7muSwenl
2017-01-22 05:02:37,RT @booksnbeyondbox: Hola Tweeples! Win an exclusive book. Follow us n retweet this tweet #giveaway #booksnbeyondbox #bibliophiles #readers‚Ä¶
2017-01-21 06:41:21,RT @PaperFury: #MyBiggestProblem is that my bookshelves don't expand when I get new #books. OBVIOUSLY MY ACTUAL BOOK BUYING IS NOT THE PROB‚Ä¶
2017-01-19 11:56:30,Just completedBook #4 of #BrunchBookChallenge Kiss of Betrayal by Mary E. Pearson. Strong characters and amazing plotline @HTBrunch
2017-01-12 03:02:54,Marked as to-read: The Kiss of Deception by Mary E. Pearson https://t.co/l1Nzi8PYUP
2017-01-11 14:42:57,Marked as to-read: If I Stay by Gayle Forman https://t.co/z0qZT57j2y
2017-01-11 13:00:26,#BrunchBookChallenge @HTBrunch Book#3 Inferno by Catherine Doyle. A story about mobs and mafia of Chicago. Fast-paced and interesting!
2017-01-11 12:55:47,5 of 5 stars to Inferno by Catherine Doyle https://t.co/7Z8m6NHm4Q
2017-01-04 06:31:47,Book#2 for #BrunchBookChallenge done! Vendetta by Catherine Doyle was a riveting read :) That's a promising start to this year @HTBrunch
2017-01-03 14:55:07,"RT @HTBrunch: #BrunchBookChallenge | The rules remain pretty much the same, but with a few tweaks https://t.co/fZv96D6pOh"
2017-01-03 11:31:08,Completed Book#1 for #BrunchBookChallenge in two days! Woohoo! A Torch Against The Night by Sabaa Tahir was spellbinding-good. :-D @HTBrunch
2017-01-03 11:26:04,Starting #BrunchBookChallenge with a whole new vigour!!! Had read 64 books last year and wish to exceed that number this year!‚ò∫Ô∏è
2017-01-03 10:57:22,5 of 5 stars to The Four Patriots by Sumit Agarwal https://t.co/Eu5gmnFb2S
2017-01-03 10:48:35,"Whether u're a patriot or not, u must read this. A riveting thriller about realpolitik @Writersmelon @sumitagarwal17 https://t.co/1mnLFjATtj"
2017-01-03 08:56:45,Marked as to-read: Mafiosa by Catherine Doyle https://t.co/65ulVUoLXA
2017-01-01 05:52:52,I've read 63 of 24 books for the Goodreads 2016 Reading Challenge! What should I read next?https://t.co/T4YBqaEE8Q via @goodreads
2016-12-29 16:28:47,"On page 200 of 452 of A Torch Against the Night, by Sabaa Tahir: WTF!! I CAN'T KEEP THIS... https://t.co/KGMj0jXyaX"
2016-12-11 09:34:58,Marked as to-read: The Freemason's Daughter by Shelley Sackier https://t.co/aXz55Mhtcq
2016-12-10 15:35:19,"On page 300 of 418 of Daughter of Smoke &amp; Bone, by Laini Taylor https://t.co/mBtGhy7SoO"
2016-12-05 09:27:05,"On page 150 of 418 of Daughter of Smoke &amp; Bone, by Laini Taylor https://t.co/IwDcmM7mpa"
2016-12-02 14:06:52,I've read 62 of 24 books for the Goodreads 2016 Reading Challenge! What should I read next? https://t.co/T4YBqaEE8Q via @goodreads
2016-12-02 14:06:27,"On page 89 of 418 of Daughter of Smoke &amp; Bone, by Laini Taylor https://t.co/kD8hCT5PkC"
2016-11-29 10:00:16,"On page 100 of 342 of The Star-Touched Queen, by Roshani Chokshi https://t.co/3QuRYo8Eth"
2016-11-24 10:39:57,"On page 280 of 370 of Broken Prince, by Erin Watt https://t.co/KUQaKdVChE"
2016-11-21 16:04:51,"On page 200 of 416 of Three Dark Crowns, by Kendare Blake https://t.co/c7nMu4A7YX"
2016-11-16 16:54:35,Marked as to-read: Of Beast and Beauty by Stacey Jay https://t.co/Ul8FAMWhL2
2016-11-12 13:24:33,RT @PaperFury: Dream Career: be the person at professional food photography shoots who gets to take a bite out of everything for aesthetics.
2016-11-11 17:34:02,RT @randomhousekids: The cover for WONDER WOMAN is finally here! Check it out via @bustle &amp; read a Q&amp;A from @LBardugo #WeAreAllAmazons http‚Ä¶
2016-11-11 17:29:50,@Writersmelon I most definitely will! :)
2016-11-11 16:07:52,"Finished reading #MyFatherIsAHero and appreciate and love my father more now, if that's possible. Thank u @Writersmelon for this lovely book"
2016-11-11 16:06:07,"Though a mother myself now, my father is still my hero and would always be. Thank u for reminding me of the joys of parenting @nofreecopies"
2016-11-08 15:53:00,What amazes me is the radio silence on the govt's move to ban 500 and 1000 rupee notes. Even the banks had no clue!  Hats off to #PMModi
2016-11-08 15:50:07,Surgical strike on black money!  Kudos to #PMModi for reducing sacks of stored money to literal rubbish.
2016-11-06 15:23:18,Binge-watching #TheTudors Damn I love history!  #tudors #history #tvseries
2016-11-04 17:39:47,@goodreads Three Dark Crowns ^_^
2016-11-04 17:37:29,When you get your review copy just in time for the weekend ^_^  @Writersmelon @nofreecopies #weekendreads‚Ä¶ https://t.co/pIhBt2lxb8
2016-11-04 10:14:31,"@thewordcoiner blessed indeed! For us,  history lessons were more of a pain in the backside because of monotonous teaching :("
2016-11-03 15:07:10,RT @Writersmelon: Like @aastha12 many #bloggers are all praises for #ThePeshwa. Have u indulged in this piece of history yet? Signup: https‚Ä¶
2016-11-02 18:39:49,@RamSivasankaran @Writersmelon I'm sure I would. Already looking forward to it ^_^
2016-11-02 18:33:24,"@RamSivasankaran @Writersmelon oh yes, I have finished  reading the book. And that comment was essentially for your writing style :)"
2016-11-02 18:06:46,"If you haven't read #ThePeshwa yet, you're missing out on a fantastic piece of literature.  Review up https://t.co/zQC8e43TcF @Writersmelon"
2016-11-02 18:02:03,If only my history teachers made history as interesting as @RamSivasankaran did with #ThePeshwa  Thank you @Writersmelon for this :)
2016-11-02 16:26:45,@Writersmelon  @nofreecopies @Srishtipub Eagerly awaiting my copy!!  Can't wait to start this one!
2016-11-02 10:33:50,RT @Writersmelon: Attention #Delhi #Bloggers! Here's your chance to meet @yashodharalal. Please DM us if you'd like to attend this #blogger‚Ä¶
2016-10-27 12:11:38,Marked as to-read: Alienated by Melissa Landers https://t.co/tfWyJ7BIoK
2016-10-27 11:59:14,@itcher Ah! Very! And I usually don't even enjoy romantic books much...  But this one was a first.
2016-10-27 09:55:11,Reread #MeBeforeYou for my online #bookclub. Bawled my eyes out yet again. #books #reading #currentlyreading
2016-10-22 14:12:06,RT @TWOsonsTOOmany: #Interview with a vampire.....NOT its me....#kindle your #weekend read. Feel free to #RT and thank you all https://t.co‚Ä¶
2016-10-22 12:58:50,2/2 Peeing on national television for the sake of ur children doesn't garner respect. How desperate can one be. Not good  #BiggBoss10
2016-10-22 12:56:55,"1/2 why r commoners behaving as rude, arrogant, loud and almost illiterate on #BiggBoss10 they are projecting the common man to be obnoxious"
2016-10-20 17:24:45,"RT @Writersmelon: .@nofreecopies, a seasoned author of multiple books is here w/ his latest: #MyFatherisaHero About d book &amp; 2 review: http‚Ä¶"
2016-10-20 17:23:40,@RamSivasankaran @Writersmelon Thank you!! I'm sure I would :)
2016-10-20 17:19:42,All geared up to read #ThePeshwa by @RamSivasankaran!! Let the pages of history unfurl.  Thank you @Writersmelon fo‚Ä¶ https://t.co/rLkBlB5cFl
2016-10-12 08:40:59,When you can't decide which book to start on your birthday... #happybirthday #bookworm #happybirthdaytome #reading
2016-10-09 17:23:15,An ideal start to the weekend. #weekendreads #books #booknerdproblems https://t.co/IvBmaHUROc
2016-10-09 12:58:25,RT @Writersmelon: 18th century calls u to witness the epic tussle btwn d Marathas &amp; d Mughals in #ThePeshwa Read &amp; review this version http‚Ä¶
2016-10-08 14:30:31,"On page 100 of 465 of Six of Crows, by Leigh Bardugo https://t.co/6pkp6Nvr7y"
2016-10-08 12:31:33,'Greed bows to me. It is my servant and my lever.' Classic Kaz #SixofCrows #reading #weekendreads #booknerd
2016-10-08 11:25:27,RT @EpicReads: it's the freaking weekend baby i'm about to have me some fun   *falls asleep reading*
2016-10-08 11:19:34,Waiting eagerly for the two new books to be up for review at @Writersmelon !!! #bookreview
2016-10-05 13:28:09,"Day 5 of the #spooktacularbooks : #greenbooks   I know Blue Lily, Lily Blue is not green‚Ä¶ https://t.co/pEuUzJ8M1n"
2016-10-03 16:52:47,"RT @littlered630: To celebrate the first #WindwitchWednesday, RT &amp; Follow to win a preorder of #Windwitch! Open INT, ends 10/3/16. https://‚Ä¶"
2016-10-03 15:06:07,Finally reading #SixofCrows now that my copy of #CrookedKingdom is here!! #excited #reading
2016-10-03 15:04:11,"RT @PaperFury: Nice Things To Say To #Bookworms ‚Ä¢ I'll buy you books ‚Ä¢ I read books you recommend ‚Ä¢ When your TBR falls on your head, I'll‚Ä¶"
2016-10-02 18:22:08,Marked as to-read: Crooked Kingdom by Leigh Bardugo https://t.co/jYAYIRCzS3
2016-10-02 17:22:51,"RT @TSBookClub: @bithika11 @Anoop_Bhaskaran @aastha12 @dibbi18 You've been quoted in my #Storify on ""#TSBC 209: The Joy of Reading"" https:/‚Ä¶"
2016-10-02 13:10:02,#Graffiti by #JoaniePariera is a riveting read; one that everyone can relate to. Thanx @Writersmelon for this  :) https://t.co/LyY6PIPSqc
2016-10-02 13:06:42,@WestlandBooks Thank you for hosting the contest.  #TheSecretDiaryofKasturba #contest
2016-10-02 12:54:37,4 of 5 stars to Graffiti by Joanie Pariera https://t.co/93aknCS12R
2016-10-02 12:23:12,@WestlandBooks Done!! It was a fun contest!  #TheSecretDiaryofKasturba #contest
2016-10-02 12:21:08,@WestlandBooks A7. Girgaon or Girgaum  #TheSecretDiaryofKasturba
2016-10-02 12:19:36,@WestlandBooks A7. Gandhi lived in Girgaon or Girgaum in Bombay but left after 4-5 months failing to make a mark for himself in law practice
2016-10-02 11:48:23,RT @WestlandBooks: Give us 20 RT's to unlock the last question. #TheSecretDiaryofKasturba
2016-10-02 11:41:34,@WestlandBooks In 1913. #TheSecretDiaryofKasturba #contest
2016-10-02 11:30:48,@WestlandBooks She passed away in Pune in the year 1944 #TheSecretDiaryofKasturba #contest
2016-10-02 11:15:50,"@WestlandBooks Harilal, Manilal, Ramdas and Devdas  #TheSecretDiaryofKasturba #contest"
2016-10-02 11:07:58,@WestlandBooks They lived in Durban. #TheSecretDiaryofKasturba #contest
2016-10-02 10:57:44,RT @WestlandBooks: Unlocking Question 3.  #TheSecretDiaryofKasturba https://t.co/S25GTmpCyf
2016-10-02 10:50:38,"@TSBookClub Though I joined in pretty late, it was a fun chat! Thank you #TSBC"
2016-10-02 10:47:41,@WestlandBooks Doing it!! üòä #TheSecretDiaryofKasturba #contest
2016-10-02 10:42:30,RT @mehulgohil: @TSBookClub A fab #TSBC chat today. Happy Birthday once again folks. Crack on! A happy Sunday to all. Cheers!
2016-10-02 10:42:10,RT @WestlandBooks: Give us 30 RT's to unlock question no 3. #TheSecretDiaryofKasturba
2016-10-02 10:36:53,"@TSBookClub @BloomsburyIndia though it can't be forced, maybe gifting a book would induce reading one day or other."
2016-10-02 10:35:33,@TSBookClub @BloomsburyIndia EBook stores serve the purpose these days but still picking up a book from the shelf at bookstore... Priceless
2016-10-02 10:33:22,@WestlandBooks A2. She was an year older than Gandhi. She was 14 at the time of her marriage. #TheSecretDiaryofKasturba #contest
2016-10-02 10:31:01,@WestlandBooks A1. She was Kapadia before marrying Gandhi. #TheSecretDiaryofKasturba #contest
2016-10-02 10:27:49,@TSBookClub @BloomsburyIndia A4. Never. I like the sound of my voice better than the audiobook narrator's. Haha
2016-10-02 10:21:49,@TSBookClub @BloomsburyIndia Very. I can't stress enough how much my teachers helped in my evolving into a booknerd. #TSBC
2016-10-02 10:19:38,"@TSBookClub @BloomsburyIndia A cup of masala chai, my reading cushion and glasses and a bookmark. Perfect setting! #TSBC"
2016-10-02 10:12:25,#TBSC @BloomsburyIndia I'd be lying if I say I zone out completely with my book even with a screaming toddler throwing temper tantrums
2016-09-30 15:52:59,#Furthermore is gorgeous as hell!!!! https://t.co/JFUF6heLz1
2016-09-21 09:48:55,RT @bookchor: Upto 90% Off on your favourite Classics ‚Ä¢ Only for 5 hours ‚Ä¢ Checkout Featured books. #bookchor‚Ä¶ https://t.co/IMqxxBoKE0
2016-09-20 14:28:06,Wishing you a very happy birthday Gretchen!! @ChicNerdReads
2016-09-18 07:17:25,"RT @timesofindia: Edward Albee, writer of 'Who's Afraid of Virginia Woolf?', dies at 88 https://t.co/aaMuC27vR2 via @TOIWorld https://t.co/‚Ä¶"
2016-09-18 04:50:30,I'm gonna kick Sunday's butt!! Reading EmpireOfStorms #eos #readingtime
2016-09-18 04:45:53,@ChicNerdReads I've literally just started it. I'm on chapter 3. How about you?
2016-09-18 04:41:27,@ChicNerdReads I have started it too! *Bracing myself*
2016-09-18 04:40:14,@AlyssaC_HK ikr!!!
2016-09-18 04:32:16,Am I the only one who turns the TV on to just sit with phone or laptop and never even watch it? üòí
2016-09-17 16:55:40,Here is a review by Aastha: https://t.co/SpS7YNm99u
2016-09-17 16:54:08,"On page 100 of Touched, by Elisa S. Amore https://t.co/PZzPgfVVeH"
2016-09-17 15:08:24,RT @ThroneofGlassPH: That moment when you find out what ACOTAR3 already has a synopsis and you lose your shit. #NEED @SJMaas https://t.co/D‚Ä¶
2016-09-17 12:11:44,MAY 2017!!!!!! üò≠üò≠üò≠ https://t.co/pMb684h7hs
2016-09-17 11:56:08,@FictionTea Happy birthday Lauren!!!üéÇüéâüéä
2016-09-17 07:56:02,RT @Writersmelon: Super duper guys! Here's Q4 for you!!  #book0302 #ContestAlert https://t.co/jDxEkDiSYu
2016-09-17 07:39:23,@Writersmelon Major Somnath Sharma! #book0302
2016-09-17 07:38:50,RT @Writersmelon: Awesome!   Here's Q3 of #book0302 #contest  Don't forget to RT all qns &amp; tweet your answers with #book0302 &amp; tag us https‚Ä¶
2016-09-17 06:54:03,@Writersmelon Bhagat Singh the true son of Mother India #book0302
2016-09-17 06:29:49,"RT @PaperFury: A #book a day keeps reality away! It also keeps away other pesky things like sleep, socialising, and sanity SO WIN WIN SITUA‚Ä¶"
2016-09-17 06:22:19,@Writersmelon Lokmanya Bal Gangadhar Tilak gave the nation the much required jolt from slumber with these fiery words #book0302
2016-09-17 06:01:19,"@misterkristoff haha if that means I get the next books in the series,  then yes please. üòÅ"
2016-09-16 11:50:15,"Finally,  the review of #Nevernight is up!  It took a few cups of coffee üòÇ https://t.co/tS6MI67xjA"
2016-09-15 14:40:52,@misterkristoff can we brew something arkemical or shadow-y and get the next two #Nevernight books like right now!!!
2016-09-15 13:49:29,"Having read #Nevernight twice now,   look at my shadow to make sure how dark it is.  #bookaddict #bookaholic"
2016-09-13 15:07:47,Wtf. I thought chikungunya was not fatal.  :-/ https://t.co/ht0cJvwgVa
2016-09-13 07:14:13,2 of 5 stars to Shiver by Maggie Stiefvater https://t.co/mHtezw3JKF
2016-09-13 04:55:59,Assassination Classroom is a freaking good #anime!!! Loving it soooo much &lt;3
2016-09-11 13:23:34,Rereading #Nevernight by @misterkristoff  and this time with the footnotes. Promise. üòÜ
2016-09-11 11:57:15,"On page 100 of 390 of Shiver, by Maggie Stiefvater https://t.co/n8N0YWtB21"
2016-09-10 16:14:22,"@MyBookJacket To me,  he reminded of Ross üòÇ"
2016-09-10 16:10:46,"Oh Delhi,  you little hellhole. üò¨ https://t.co/E7EfTRcZSg"
2016-09-10 16:03:47,"RT @goodreads: ""While thoughts exist, words are alive and literature becomes an escape, not from, but into living."" https://t.co/owswlAhmKa‚Ä¶"
2016-09-10 16:01:03,@MyBookJacket oh shucks! Thank god I don't use an IPhone. (the only time when I like being an android user. Ever.)
2016-09-10 15:58:20,@MyBookJacket huh? what? When did that update happen?
2016-09-10 13:09:09,Thank you @FairyLoot for such an amazing #FairyChat. Thank you @misterkristoff for joining us (and liking my tweet! Haha) Good day y'all :)
2016-09-10 13:02:37,"@FairyLoot That's easy. TOG series, Nevernight, Mistborn Trilogy #FairyChat"
2016-09-10 12:55:21,@FairyLoot A scimitar! And I'd be called the Blood Queen (phhbbttüòÇ) #FairyChat
2016-09-10 12:46:00,"@FairyLoot Kiss Manon,  Marry Darkling and Kill Umbridge üòÑ"
2016-09-10 12:36:04,@FairyLoot A5. Amarantha from ACOTAR. Oh and Woldemort. Oh and the Commandant from Ember in the Ashes
2016-09-10 12:32:34,@FictionTea @FairyLoot I second that. Now I wonder how could I forget Manon and Abraxos!
2016-09-10 12:27:07,@FairyLoot Kaz and Celaena for sure!!
2016-09-10 11:09:57,RT @selfamused: Bright like a diamond https://t.co/LfnlUzuzGQ
2016-09-09 13:56:29,"On page 89 of 429 of Nevernight, by Jay Kristoff: It's not an easy book to plunge into. ... https://t.co/9aVcnWFiOM"
2016-09-09 13:52:14,Waiting for my copy of  #EMPIREofSTORMS is the most excruciating wait ever. EVER.
2016-09-08 12:40:12,Marked as to-read: And I Darken by Kiersten White https://t.co/77NuqjSXF2
2016-09-07 14:43:49,I'm a proud YA reader. #yabooks #readerforlife https://t.co/F5Wr3yVyBZ
2016-08-21 08:12:31,Marked as to-read: The Bronze Horseman by Paullina Simons https://t.co/mepDIGOXnu
2016-08-14 10:44:52,Win 3 Highly Anticipated YA Fantasy Books! https://t.co/jBcrdzGo9o via @RECarterAuthor
2016-08-14 10:37:00,Weekend is not an excuse to only party!  I have my own little party going on :) https://t.co/w7Zmsdc3vo
2016-08-14 08:47:55,"On page 150 of 437 of The Dream Thieves, by Maggie Stiefvater: This one is so much more ... https://t.co/lwQmwgvqQU"
2016-08-14 07:34:09,It's good to be back!!  #backontwitter
2016-08-13 12:30:34,Marked as to-read: This Savage Song by Victoria Schwab https://t.co/BE9rHrTZxx
2016-08-13 05:22:59,Marked as to-read: Lady Midnight by Cassandra Clare https://t.co/AVHHNDIREp
2016-08-02 14:29:01,Marked as to-read: The Evolution of Mara Dyer by Michelle Hodkin https://t.co/GHqNWJYfaI
2016-07-11 15:43:42,"On page 300 of 492 of Eligible, by Curtis Sittenfeld https://t.co/gx7Xssf8A8"
2016-07-11 11:12:25,Marked as to-read: A Study in Charlotte by Brittany Cavallaro https://t.co/ktyT9brbe1
2016-07-09 14:55:22,"On page 100 of 409 of The Raven Boys, by Maggie Stiefvater https://t.co/Gv7qjs7BHz"
2016-07-09 12:39:14,Marked as to-read: The Dream Thieves by Maggie Stiefvater https://t.co/MImu2VCJUG
2016-07-09 06:43:30,Marked as to-read: The Impostor Queen by Sarah Fine https://t.co/TIonJPk3aR
2016-07-07 17:05:44,Marked as to-read: The Crown &amp; the Arrow by Renee Ahdieh https://t.co/uWCkI7pr9h
2016-07-07 11:04:01,Marked as to-read: Torn by Jennifer L. Armentrout https://t.co/Fkj0AFrnqq
2016-07-03 13:39:50,"Finished with Queen of Shadows, by Sarah J. Maas https://t.co/lubGNKKd79"
2016-06-30 18:41:24,Marked as to-read: The Bronze Horseman by Paullina Simons https://t.co/mepDIGOXnu
2016-06-27 16:19:52,Marked as to-read: Ruby by Cynthia Bond https://t.co/YSG8VLHFjK
2016-06-27 10:27:15,"Finished with Down to You, by M. Leighton https://t.co/5DrlH3xKuc"
2016-06-26 09:37:51,Marked as to-read: Dreamology by Lucy Keating https://t.co/Xl81pL6MpN
2016-06-25 16:05:56,"On page 270 of 648 of Queen of Shadows, by Sarah J. Maas https://t.co/GRot3trn5P"
2016-06-24 14:59:11,Marked as to-read: A Torch Against the Night by Sabaa Tahir https://t.co/I6R55WLlOB
2016-06-24 11:05:52,Marked as to-read: This Is Where the World Ends by Amy Zhang https://t.co/tgxcsd9Prf
2016-06-23 11:21:39,"On page 90 of 648 of Queen of Shadows, by Sarah J. Maas https://t.co/EkwpUcPPP2"
2016-06-22 10:49:44,"Finished with Heir of Fire, by Sarah J. Maas https://t.co/7qbrwkw20V"
2016-06-22 05:12:21,"On page 425 of 562 of Heir of Fire, by Sarah J. Maas https://t.co/RifZsORKCo"
2016-06-21 16:25:02,Marked as to-read: My Lady Jane by Cynthia Hand https://t.co/vzMQ22pNeH
2016-06-21 13:49:17,Marked as to-read: No One is Here Except All of Us by Ramona Ausubel https://t.co/h4Y9dsyFYA
2016-06-20 10:59:29,"On page 225 of 562 of Heir of Fire, by Sarah J. Maas https://t.co/IXNkOKYq3K"
2016-06-18 19:51:04,"Finished with No, Not that Jane Austen, by Marilyn Grey https://t.co/AzT2thgRiZ"
2016-06-15 19:14:19,"Finished with A Court of Mist and Fury, by Sarah J. Maas: This book was amazeballs!! https://t.co/CyieIdipj5"
2016-06-15 08:09:48,"On page 547 of 640 of A Court of Mist and Fury, by Sarah J. Maas: This book will be the d... https://t.co/hYUpsDZFsN"
2016-06-10 11:00:57,"On page 150 of Idol, by Kristen Callihan https://t.co/bL2pVFoa7y"
2016-06-09 16:33:02,Marked as to-read: The 5th Wave by Rick Yancey https://t.co/1aFF2nTpfm
2016-06-09 15:07:35,"On page 150 of 562 of Heir of Fire, by Sarah J. Maas https://t.co/ecy9WoGz05"
2016-06-09 13:28:15,Marked as to-read: Room by Emma Donoghue https://t.co/JbgXI6oApD
2016-06-03 17:27:00,An Ember In The¬†Ashes https://t.co/3KgKlCB2sj https://t.co/wds0XjgzZG
2016-03-05 17:25:21,"RT @thevirdas: Dear Govt, Maybe next time if you ignore a Kanahiya instead of arresting him...the whole nation wouldn't be watching him spe‚Ä¶"
2016-03-03 19:35:17,World Book Day 2016 üìö https://t.co/dgXnVxQBlO https://t.co/JyQrLA0rxd
2016-03-03 19:09:30,Our love continues üòäüòç Cannot thank book.chor enough for sending these beauties across just in‚Ä¶ https://t.co/agrc8bnA8G
2016-03-02 17:24:29,The Wrath and the Dawn https://t.co/ik4Nfr42Bl https://t.co/JGP7cmzcWl
2016-03-02 14:59:09,"""Love is a shade of what I feel.""  And love is what I feel for this book!! Despite being‚Ä¶ https://t.co/1LKBcYjFNh"
2016-02-28 05:04:45,Ode to Mindless Childhood Games https://t.co/9TVXkyTMz8
2016-02-28 05:00:43,Ode https://t.co/NkZ4rvlnaL https://t.co/vsc2UEotM3
2016-02-26 15:38:11,@goodreads One Day in the Season of Rain by Mohan Rakesh
2016-02-25 15:07:44,"@MyBookJacket u know,  I just might take your word on that :)"
2016-02-25 15:05:23,@MyBookJacket wow major typo.  Write**
2016-02-25 15:04:48,@MyBookJacket confession time!  I did. Once upon a time. Then I forgot the password. Later I forgot how to take time out to right. üôà
2016-02-25 15:02:31,"@MyBookJacket I did!!  Needless to say,  u saved me some woe and money ;)"
2016-02-25 12:26:12,@MyBookJacket awwite :)  thanks
2016-02-25 12:25:03,@MyBookJacket so my friend mentioned a website for buying used books today...  https://t.co/14IZbFYN2z  Heard of it?
2016-02-24 15:07:32,@goodreads one sitting read
2016-02-24 15:04:32,@MyBookJacket @OhTheBookFeels @Priyanshi967  https://t.co/c2cTLAZ061
2016-02-24 15:03:11,"RT @goodreads: Bathtub reading nook? Yes, please! https://t.co/FRXUxIapAo https://t.co/dl91ncdVRo"
2016-02-24 15:01:12,"RT @blogchatter: Should #Bloggers be paid for #reviews- food, book, product? Vote honestly and RT. Your answers are anonymous here :)"
2016-02-24 14:58:03,@MyBookJacket yes. But I still feel its coz I can't understand what induces one to take such a step.
2016-02-24 14:54:19,@MyBookJacket agree with you on your review of Thirteen Reasons Why. I felt the same unable-to-pin-down disappointment.
2016-02-24 14:53:01,Trying hard to get back onto my groove of reading...  These past few weeks had been tough.
2016-02-24 14:51:25,RT @ndtv: Possible serial killer book removed from @Amazon amid outrage https://t.co/igwwsnsxk7 https://t.co/CDekHyANrN
2016-02-23 14:42:30,"Yes,  it is.  https://t.co/jDV5ydo7v5"
2016-02-22 09:05:54,It's tag time!!! *finally* Weddings and work load had been keeping me mighty busy these past few‚Ä¶ https://t.co/kRSxWIzkRz
2016-02-17 10:49:17,This is a shout out to everyone who claims to be a booklover in #India #SaveTheLibraries.  https://t.co/NPnGe1GEQZ
2016-02-17 10:47:11,@MyBookJacket @ink_horn I'm game. #LetsSaveLibraries
2016-02-17 09:42:21,Couldn't agree more!  https://t.co/EKybgN9kBc
2016-02-17 09:38:11,"@ink_horn oh yes,  let's do that pronto!!  :)"
2016-02-16 11:11:27,@ink_horn wish the libraries got the care they deserve. It's like letting national treasure rot  :( save the libraries
2016-02-16 11:08:21,Reading means reuniting with yourself @ink_horn #GiftMeABook @simplesonali @parmitauniyal @Anandithanand
2016-02-16 09:26:58,@ink_horn Y shouldn't u read? U're nevr alone if U're reading @MyBookJacket @Priyanshi967 @BooksofAmber #GiftMeABook https://t.co/lfxj99MHAW
2016-02-16 09:20:57,RT @goodreads: Just say no to reality...when you can. https://t.co/0Ze0aov2fh
2016-02-15 15:13:12,The one time I didn't mind cleaning out my closet was when I found this collector's gem‚Ä¶ https://t.co/RXUXef5S76
2016-02-15 15:03:58,#GiftMeABook means giftng d whole world as books contain d whole world in dem @MyBookJacket @Priyanshi967 @pichikaul https://t.co/9hMrnvtIrc
2016-02-14 04:03:10,Wow.  He just took V Day a lot more seriously than me!! üòÇüòÇ https://t.co/CyKkx1LLZg
2016-02-14 04:00:04,"While twitter is still giving doses of ""love""  in giveaways,  my whatsapp is STILL struggling with the date of Bhagat singh's hanging :-/"
2016-02-14 03:50:10,@MyBookJacket to u too dear!  üòÅ
2016-02-13 20:20:00,"RT @goodreads: One more chapter is better than sleep anyway, right? (via @someecards) https://t.co/Rt02HqAY2r"
2016-02-13 20:18:57,"@rachitattweet sir u didn't understand what I wrote. The news channels are tweeting about their wins,  not about any impending agenda"
2016-02-13 16:59:52,"Suddenly all the Indian news channels care to tweet about is their wins at the #enba2015  No breaking news,  no old debates resurfacing."
2016-02-13 16:56:32,RT @TSBookClub: We are giving away these 6 books tomorrow. All you have to do is participate in #TSBC to be eligible. India only. https://t‚Ä¶
2016-02-13 16:50:37,@MyBookJacket that cracking of the phone lock code was some spooky shit
2016-02-13 16:48:15,@yedei @MyBookJacket üòÅüòÅ
2016-02-13 16:47:26,@MyBookJacket wow. Wish I was that guy.  Lior Suchard.
2016-02-13 16:42:39,@MyBookJacket @yedei earlier the DDNews as we knew it was just a news programme which used to be telecaster by DD National.
2016-02-13 16:41:42,@MyBookJacket @yedei DDNews was launched in 2003. So it's highly improbable that the sanskrit bulletin has been in it since the 70s
2016-02-13 16:24:55,@MyBookJacket are we referring to the show? ;)  Love love love the show
2016-02-13 16:24:11,@MyBookJacket @duolingo they might just do that. In time. NASA too has acknowledged Sanskrit's imp in AI
2016-02-13 16:19:52,@MyBookJacket true that!  It is after all the mother of most languages.
2016-02-13 16:13:17,@MyBookJacket will do! üòä
2016-02-13 16:11:41,@MyBookJacket yeah I did.  Coz Husband works in DDNews üòÅüòÅ
2016-02-13 16:08:34,@MyBookJacket oh come on...  Humble much?
2016-02-13 16:07:21,"@MyBookJacket yup üòÅ teacher by profession, book nerd by hobby and a mother...  Well,  just a mother. üòÅüòâüòÇ"
2016-02-13 16:01:31,RT @goodreads: 7 Romantic Book Lines to Fall in Love with This Valentine's Day https://t.co/xFqyk9fMrJ https://t.co/mF2yqMMM8v
2016-02-13 15:58:51,@MyBookJacket oh how I wish!! :( sadly I was busy correcting notebooks and answer sheets :'(
2016-02-13 15:56:41,@MyBookJacket oww that sounds plenty painful..  U take care.
2016-02-13 15:54:40,What is ailing you @MyBookJacket
2016-02-13 15:52:34,@MyBookJacket I will be devouring north Indians weekend comfort food...  Rajmah chawal  üòÅ
2016-02-13 08:55:54,@DianaGabaldon aces it with Outlander! @landmarkstores #RomantechAtLandmark
2016-02-13 08:52:03,@landmarkstores The Time Traveller's Wife by @audreyniffenegger now that's a good romantic read!  # RomantechAtLandmark
2016-02-13 08:45:19,@landmarkstores Pride and Prejudice by Jane Austen (every Lit buffs holy bible) # RomantechAtLandmark
2016-02-13 08:38:54,@landmarkstores The Notebook by @NicholasSparks #RomantechAtLandmark
2016-02-13 08:11:29,My fellow bibliophile @mybookjacket tagged me to #HardcoverBook tag and #BooksWithFaces tag. I'm‚Ä¶ https://t.co/0C2UyGP5A7
2016-02-13 05:04:36,"Each time I turn a page,  the book seems to call out to me and say,  ""I'm still here"". The flicking of the finger on the tab doesn't say dat"
2016-02-13 05:00:13,"RT @ScoopWhoop: .@Independent kills print edition, becomes the 1st UK #newspaper to go #digital only: https://t.co/f7wO5AGKd0 https://t.co/‚Ä¶"
2016-02-12 17:49:59,That feeling when part of your book haul is dispatched :-D https://t.co/TqsmqJvrTr
2016-02-12 17:00:28,RT @brainpicker: We lost Peanuts creator Charles Schulz on this day in 2000. How he made an art of childhood's difficult emotions: https://‚Ä¶
2016-02-12 14:52:01,RT @noveliciouss: Make it a rule never to give a child a #book you would not read yourself George Bernard Shaw #reading #writing Elger http‚Ä¶
2016-02-12 13:27:07,@PenguinIndia #TrueLoveIs a story that never ends; where each day is a happily-ever-after
2016-02-12 13:23:05,@PenguinIndia True Love is built. Not found.  #TrueLoveIs
2016-02-12 13:20:34,@PenguinIndia #TrueLoveIs not keeping record of the wrongs done
2016-02-12 13:18:16,@PenguinIndia #TrueLoveIs when you look in someone's eyes and see all you need
2016-02-12 13:17:04,@PenguinIndia #TrueLoveIs when you are separated by distance but nothing changes.
2016-02-12 12:41:41,@MyBookJacket lol...  That's epic! üòÇ
2016-02-12 12:37:22,"Oh yeah ""Gift Me A Book""! üòÅ https://t.co/iHuBgxZv73"
2016-02-12 12:28:57,"@PenguinIndia Finding out a way to make it work,  no matter how hard it is #TrueLoveIs"
2016-02-12 12:23:00,"@PenguinIndia #TrueLoveIs when I wake up at 3 am,  turn to look at her calm serene face &amp; smile to myself :) #MyDaughter #MotherlyLove"
2016-02-12 12:13:30,@PenguinIndia #TrueLoveIs when you say I Love U but wait to prove that its true.
2016-02-12 12:07:45,@PenguinIndia #TrueLoveIs when words are either too much or too less :)
2016-02-12 12:07:45,@PenguinIndia #TrueLoveIs when you complete each other's sentences.
2016-02-11 12:09:48,RT @CommonSense: 13 #Books to Read Before They're Movies in 2016: https://t.co/yk8FZQ5Xk5 https://t.co/nquU2Un7DD
2016-02-11 11:56:53,"RT @VigilanteBooks: Pre-launch copies of Rajesh Singh's ""I: Putting the Eye in IAS"" #giveaways  #novel #EyeinIAS"" https://t.co/C9Z6ezx6rP"
2016-02-11 11:42:40,@ink_horn @MyBookJacket @OhTheBookFeels @simplesonali East of Eden by John Steinbeck or Extraordinary Means #GiftMeABook
2016-02-11 11:33:20,@ink_horn @MyBookJacket @AbhinavTW @Anandithanand @MedhaviGandhi The Book Collector by Alice Thompson #GiftMeABook
2016-02-11 11:18:39,RT @ink_horn: Tell us a book u want for Valentines &amp; we might just send one! RT and tag 3 friends to participate! #GiftMeABook https://t.co‚Ä¶
2016-02-07 08:33:45,@MyBookJacket Been there..  Done that ;)
2016-02-07 08:28:43,@MyBookJacket was going through ur blog.  And I liked what I saw :-D Kudos to u! I go in frequent slumps of writing as well as reading :(
2016-02-07 08:23:09,Will do.  :) @MyBookJacket
2016-02-07 08:05:09,"@MyBookJacket no,  sadly I haven't read a monster call. Should I?"
2016-02-07 08:01:31,@MyBookJacket Aww  thanks!   üòäüòç
2016-02-07 08:00:22,@MyBookJacket my knowledge of YA is restricted to Throne of Glass Series and Lunar Chronicles. Former was a almost a rip-off of Hunger Games
2016-02-07 07:55:00,@MyBookJacket lol.  Then count me in as your first subscriber :) tried reading YA.  Found them all similar to each other :-/
2016-02-07 07:46:29,@MyBookJacket @wordpressdotcom finally a Lit box in India.  Thanks a ton!  But why YA only?  :-(
2016-02-07 05:30:22,"Planning to purchase my first ever Murakami. (yeah,  I haven't read Murakami yet; shoot me)  recommendations are welcome #Murakami #ToRead"
2016-02-06 12:19:27,"@MyBookJacket I agree. We have numerous beauty sub boxes,  but none like owl crate or uppercase in India :-("
2016-02-06 12:04:16,After all this time? ALWAYS. #harrypotterforever  #LitLoving @PenguinIndia
2016-02-06 11:59:45,"@PenguinIndia No measure of time with you will be long enough,  but let's start with Forever. #breakingdawn #LitLoving"
2016-02-06 11:54:28,I do love nothing in the world so well as you #MuchAdoAboutNothing @PenguinIndia #LitLoving
2016-02-06 11:53:34,You gave me a forever within numbered days and I'm grateful #LitLoving #FaultInOurStars @PenguinIndia
2016-02-06 11:51:17,"If people were rain,  I was drizzle and she was a hurricane! @PenguinIndia #LitLoving #John"
2016-02-06 11:49:19,Whatever our souls made out of... His and mine are the same #wutheringheights #loveinotherwords @PenguinIndia
2016-02-06 11:43:07,Why don't we have the facility of book subscription boxes in India??
2016-02-04 10:49:51,"RT @PenguinIndia: When your crush is all like ""actually i really love bookworms"" and you're like  #GIFtheFeeling https://t.co/q4u7p1TMUj"
2016-02-02 11:19:15,"Happy Birthday James Joyce,  born on this day in 1882#jamesjoyce https://t.co/KKPF2zStCq"
2016-01-28 15:33:32,The unbridled joy of UNBOXING!! #booksarelife #books https://t.co/pgOUy4lx1o
2016-01-28 10:55:28,Moving onto book#5 of #BrunchBookChallenge The Throne of Glass by Sarah J Maas. Going to give a series a try. Recommended by @goodreads
2016-01-24 18:54:33,On Book 4 of #BrunchBookChallenge Girls of Riyadh; an insight into the Saudi culture and women through the stories of 4 young Saudi women
2016-01-20 09:49:19,Sad with what has happened. Sadder with how the two nations are ripping at each other on twitter. Shame #nohumanity #BachaKhanUniversity
2016-01-20 09:32:54,RT @chetan_bhagat: I don't know what is more sad. A young man killing himself. Or opportunistic politicians flocking to the venue to appeas‚Ä¶
2016-01-11 11:09:35,@HTBrunch The Sunday issue #GreatIndianRecap was a pure joy to read. Reminisced what TV used 2b. But one noted omission- Zabaan Sambhal Ke
2016-01-11 11:07:23,@HTBrunch Onto book#3. Revisiting an oldie handed over by mum. If life's a bowl of cherries- what am I doin in d pits? #BrunchBookChallenge
2016-01-07 08:26:50,Book#2 of the @HTBrunch #BrunchBookChallenge. Thanks for the suggestion @HTBrunch https://t.co/P1EX41WLqX
2016-01-05 13:14:32,Going to take up the @HTBrunch #BrunchBookChallenge this year. It will validate the cover of this first pick.üòÅ üíñ‚úå https://t.co/ozlHMNh6sy
2015-07-28 11:10:31,RT @srijanpalsingh: What I will be remembered for.. my memory of the last day with the great Kalam sir...   It has been eight hours... http‚Ä¶
2015-07-28 11:02:10,RT @timesofindia: 'My memory of the last day with the great Kalam' http://t.co/8kPNCZKMEn
2015-07-28 10:58:47,RT @madnish30: One legend to an another: Indian Air Force's Marshal Arjan Singh (96) strikes one final salute to Dr. #KalamSir. http://t.co‚Ä¶
2015-07-27 17:30:00,He ignited minds. Let's keep it burning now. #RIPKalam
2015-07-27 17:26:50,How would one give a befitting tribute to a visionary who ignited minds? U will be forever missed Kalam Sir RIP #AbdulKalam
2015-07-11 05:27:21,"RT @terriblytiny: Srijita writes on 'handwritten', suggested by Terribly Tiny Tales. #ShareTheLove #terriblytinytales http://t.co/wXCXYnpYN1"
2015-03-28 09:46:48,"Insan ka insan se ho bhaichara,  yehi paigam humara...  Ring any bells Arvinder Kejriwal?? #AAPBreakUp"
2015-03-28 09:44:26,Feeling sorry for all the Delhites who wasted their precious vote on AAP. Y does this party crumble each time it comes to power? #AAPBreakup
2015-03-28 09:39:42,"RT @Moneylifers: Shocked that @ArvindKejriwal didn't do a ""people's referendum"" to kick out @AapYogendra and Bhushan ;) #AAPBreakUp"
2015-03-28 09:39:41,RT @DrAVarma: Two min silence for all supporters who donated their hard earned money to @AamAadmiParty .#AAPBreakUp #AAPBreakUp
2015-03-08 14:22:24,Still proud of u Sania nehwal #AllEnglandChampionships
2015-03-01 11:28:56,@sonamakapoor get well soon :(
2015-02-07 15:08:22,"@niteshgoe yeah,  that's why the critique."
2015-02-07 15:07:50,I wud love to see Delhi people living happy and content with gobhi prices down after AAP comes to power.
2015-02-07 15:06:39,Oh Delhi!  What did u do!!??  #DelhiVotes
2015-01-26 07:59:13,"RT @indogspot: We salute our Paws in Uniform today! As hardworking as any human, and perhaps even more loyal. :) #HappyRepublicDay http://t‚Ä¶"
2014-09-15 17:24:26,"RT @SirJadeja: Just ""Unfollowed"" TOI by clicking with my Middle finger. #IStandWithDeepikaPadukone #FindingFanny"
2014-09-15 17:23:45,"#IStandWithDeepikaPadukone &amp;dey call media 4th pillar of democracy!if media cnt rise abve such petty baseless 'News',  hw can women b safe?"
2013-12-08 14:16:04,So no majority in the Delhi legislature...  The 'politics' begins now. #Polls2013
2013-12-08 13:17:20,RT @shubhaS: A man with a broom in his hand is anyway a pleasant change.
2013-12-08 09:59:39,Jhadu ka jadu chal gaya #ElectionResults2013
2013-11-16 08:27:15,Legends don't retire #SRT200
2013-05-03 15:16:22,RT @GulPanag: The new theatre of proxy wars are the  jails.
2012-08-26 19:44:57,RT @KiranKS: Wow.. One of the two news readers on Sunday night 9 PM news on DD Chandana tonight was a blind person using braille script. ...
2011-08-28 08:46:03,lets now hope things will go as planned
2011-08-27 14:30:01,no voice vote? lok sabha adjourned for the day! what d heck!
2011-08-27 10:51:29,"BJP says they will vote in favour of anna's condition. Prolly now congress will put the blame on Left, or SP!!"
2011-08-27 10:29:47,a faint glimmer of hope and the govt is back to its tactics.. whatever happened to the resolution that almost everyone saw?
2010-06-22 11:18:01,@sagarikaghose: but dn't u think it's all too welltimed? with Davidar's departure came d law suit. y did she take months to lodge complaint?
2010-06-22 10:55:15,"@BDUTT Hi Barkha, what is your take on this 'scandal'? Don't u think its being blown out of proportion?"
2010-05-06 09:35:36,@Rulpa no doubting that!
2010-05-06 09:31:36,verdict is out and justice prevails... finally!
2008-11-28 09:24:27,@krazyfrog It wasn't TV that kept them updated. Access to internet and various sites did that :(
2008-11-28 09:18:59,@satti The Railway officials and police have confirmed that the shooting report was merely a hoax.
2008-11-28 09:09:38,glued to news channels
